Player,Pos,Tm,SAW_score,SAW_rank
LeBron James,PF,LAL,0.7232530846695516,1
Nikola Joki?,C,DEN,0.7212459107514979,2
Luka Don?i?,PG,DAL,0.6716608009542364,3
Shai Gilgeous-Alexander,PG,OKC,0.6694632954268843,4
Joel Embiid,C,PHI,0.66448817430666,5
Anthony Davis,C,LAL,0.6437569807459722,6
Anthony Edwards,SG,MIN,0.6263017108872195,7
Tyrese Maxey,PG,PHI,0.6150489290176018,8
Jayson Tatum,PF,BOS,0.5995469283713402,9
Tyrese Haliburton,PG,IND,0.597462658905116,10
James Harden,PG,LAC,0.5959035006120542,11
Jalen Brunson,PG,NYK,0.589746359294473,12
Devin Booker,PG,PHO,0.5802216457542356,13
Kevin Durant,PF,PHO,0.5715617913744033,14
Donovan Mitchell,SG,CLE,0.5660205949020118,15
Damian Lillard,PG,MIL,0.5656695328618423,16
Jalen Williams,PF,OKC,0.5542197245149977,17
Paolo Banchero,PF,ORL,0.5439107424039068,18
Jarrett Allen,C,CLE,0.5334707816388387,19
Khris Middleton,SF,MIL,0.5251870495100187,20
Josh Hart,SF,NYK,0.5224674532732729,21
Jaylen Brown,SF,BOS,0.5146380610346629,22
Evan Mobley,PF,CLE,0.5120626714106971,23
Kyrie Irving,SG,DAL,0.5108646680534409,24
Derrick White,SG,BOS,0.5103741328527032,25
Pascal Siakam,PF,IND,0.5077562560566462,26
Paul George,PF,LAC,0.5064416046971635,27
Franz Wagner,SF,ORL,0.5045116982829703,28
Aaron Gordon,PF,DEN,0.5043362123487031,29
Jrue Holiday,PG,BOS,0.49960259496322756,30
Jamal Murray,PG,DEN,0.49106854815751333,31
Chet Holmgren,C,OKC,0.4893872721099298,32
CJ McCollum,PG,NOP,0.4884700429526178,33
Bam Adebayo,C,MIA,0.4873238519231353,34
Austin Reaves,SG,LAL,0.4855632966548882,35
Donte DiVincenzo,SG,NYK,0.4771796482405481,36
Myles Turner,C,IND,0.4681210060821857,37
Darius Garland,PG,CLE,0.4617036072616863,38
Karl-Anthony Towns,PF,MIN,0.459318857312836,39
Mike Conley,PG,MIN,0.45530196299932413,40
Kelly Oubre Jr.,SF,PHI,0.45299288304515833,41
Andrew Nembhard,PG,IND,0.4493844713579932,42
Michael Porter Jr.,SF,DEN,0.4492188336776119,43
OG Anunoby,SF,NYK,0.4464109334060509,44
Brook Lopez,C,MIL,0.43628894808941787,45
Trey Murphy III,SF,NOP,0.4352525999165674,46
Rudy Gobert,C,MIN,0.43473042040592963,47
Tyler Herro,SG,MIA,0.428507750010156,48
Brandon Ingram,SF,NOP,0.42442963194867794,49
Patrick Beverley,PG,MIL,0.4241890928504113,50
Bradley Beal,SG,PHO,0.4240546724493473,51
Ivica Zubac,C,LAC,0.4204881653143548,52
Al Horford,C,BOS,0.4202822461971353,53
Jalen Suggs,SG,ORL,0.4192789321346662,54
Delon Wright,PG,MIA,0.41586514675588016,55
Isaiah Hartenstein,C,NYK,0.4153884595994479,56
Bobby Portis,PF,MIL,0.41102716915606247,57
D'Angelo Russell,PG,LAL,0.4108545973556973,58
Jusuf Nurki?,C,PHO,0.4037571088010487,59
Jaden McDaniels,SF,MIN,0.4028867396754304,60
P.J. Washington,PF,DAL,0.40285367320150034,61
Nikola Jovi?,PF,MIA,0.4010316877090037,62
Dereck Lively II,C,DAL,0.39685296148234384,63
Herbert Jones,SF,NOP,0.3961952598571122,64
Kristaps Porzi??is,C,BOS,0.3942408787834426,65
T.J. McConnell,PG,IND,0.3886043859462422,66
Kentavious Caldwell-Pope,SG,DEN,0.38552169663778396,67
Max Strus,SF,CLE,0.3839553968165131,68
Luguentz Dort,SF,OKC,0.380646275599256,69
Tobias Harris,PF,PHI,0.37590150576738957,70
Caleb Martin,SF,MIA,0.374643846210392,71
Jaime Jaquez Jr.,SF,MIA,0.3727973650797326,72
Kyle Lowry,PG,PHI,0.3684940391914417,73
Jonas Valan?i?nas,C,NOP,0.36064011984293964,74
Aaron Nesmith,SF,IND,0.35935502262679236,75
Alec Burks,SG,NYK,0.3571533559432023,76
Obi Toppin,PF,IND,0.3515199742870129,77
Derrick Jones Jr.,SF,DAL,0.3488929582530522,78
Daniel Gafford,PF,DAL,0.3424420643232518,79
Jonathan Isaac,PF,ORL,0.3421166683434735,80
Eric Gordon,SG,PHO,0.3378175940655294,81
Caris LeVert,SG,CLE,0.33553711327412594,82
Naz Reid,C,MIN,0.33489735796977166,83
Nicolas Batum,PF,PHI,0.3332354808389639,84
Miles McBride,PG,NYK,0.33022612978199894,85
Wendell Carter Jr.,C,ORL,0.3294878663242564,86
Terance Mann,SG,LAC,0.32381870670179014,87
Larry Nance Jr.,C,NOP,0.32315605621503624,88
Pat Connaughton,SF,MIL,0.3190647792140504,89
Naji Marshall,SF,NOP,0.3154421309632569,90
Norman Powell,SG,LAC,0.3095955625615591,91
Josh Giddey,SG,OKC,0.30813420552775156,92
Nickeil Alexander-Walker,SG,MIN,0.3068209242440258,93
Malik Beasley,SG,MIL,0.2966519240468044,94
Mitchell Robinson,C,NYK,0.2889249187908582,95
Aaron Wiggins,SG,OKC,0.2835129140732534,96
Josh Green,SG,DAL,0.2806688486224403,97
Gary Harris,SG,ORL,0.2787225241841733,98
Ben Sheppard,SG,IND,0.2728993897402656,99
Payton Pritchard,PG,BOS,0.27287269925607116,100
Taurean Prince,PF,LAL,0.2726612257266455,101
Kyle Anderson,PF,MIN,0.2711571926570391,102
Rui Hachimura,PF,LAL,0.27019412231614304,103
Precious Achiuwa,PF,NYK,0.26747365546034807,104
Russell Westbrook,PG,LAC,0.26405145123329316,105
Isaiah Joe,SG,OKC,0.25535213420958514,106
Cason Wallace,SG,OKC,0.25357365514298624,107
Isaac Okoro,SF,CLE,0.251615540604652,108
Marcus Morris,PF,CLE,0.2500954295942854,109
Moritz Wagner,C,ORL,0.2457996084442898,110
Maxi Kleber,C,DAL,0.2430734848284871,111
Haywood Highsmith,PF,MIA,0.24122112205470278,112
Royce O'Neale,SF,PHO,0.2365329306599799,113
Christian Braun,SG,DEN,0.2333687560809017,114
Markelle Fultz,PG,ORL,0.23237934304693778,115
Jose Alvarado,PG,NOP,0.172387151299724,116
Amir Coffey,SF,LAC,0.16573508818603638,117
